{"cameraMode":{"drawMode":0,"name":"Shaded","section":"Shading Mode"},"sceneLighting":true,"audioPlay":false,"sceneViewState":{"m_AlwaysRefresh":false,"showFog":true,"showSkybox":true,"showFlares":true,"showImageEffects":true,"showParticleSystems":true,"showVisualEffectGraphs":true,"m_FxEnabled":true},"in2DMode":false,"pivot":{"x":-1.7800579071044922,"y":-0.27532339096069338,"z":3.312025547027588},"rotation":{"x":0.22107574343681336,"y":-0.30408191680908205,"z":0.07277185469865799,"w":0.9237810969352722},"size":4.358973979949951,"orthographic":false}