{"cameraMode":{"drawMode":0,"name":"Shaded","section":"Shading Mode"},"sceneLighting":false,"audioPlay":false,"sceneViewState":{"m_AlwaysRefresh":false,"showFog":true,"showSkybox":false,"showFlares":true,"showImageEffects":true,"showParticleSystems":true,"showVisualEffectGraphs":true,"m_FxEnabled":true},"in2DMode":false,"pivot":{"x":-2.263815402984619,"y":0.8808022141456604,"z":3.3169844150543215},"rotation":{"x":-0.00047990147140808403,"y":-0.5821108222007752,"z":-0.0003635796019807458,"w":0.8131231069564819},"size":4.961656093597412,"orthographic":false}