{"cameraMode":{"drawMode":0,"name":"Shaded","section":"Shading Mode"},"sceneLighting":false,"audioPlay":false,"sceneViewState":{"m_AlwaysRefresh":false,"showFog":true,"showSkybox":false,"showFlares":true,"showImageEffects":true,"showParticleSystems":true,"showVisualEffectGraphs":true,"m_FxEnabled":true},"in2DMode":false,"pivot":{"x":1.4498863220214844,"y":0.4125499129295349,"z":1.053269624710083},"rotation":{"x":0.21593265235424043,"y":-0.29925236105918887,"z":0.06971214711666107,"w":0.9268115758895874},"size":2.167309522628784,"orthographic":false}