{"cameraMode":{"drawMode":0,"name":"Shaded","section":"Shading Mode"},"sceneLighting":false,"audioPlay":false,"sceneViewState":{"m_AlwaysRefresh":false,"showFog":true,"showSkybox":false,"showFlares":true,"showImageEffects":true,"showParticleSystems":true,"showVisualEffectGraphs":true,"m_FxEnabled":true},"in2DMode":false,"pivot":{"x":2.2532143592834474,"y":0.5153073072433472,"z":1.6947133541107178},"rotation":{"x":0.21593265235424043,"y":-0.29925236105918887,"z":0.06971214711666107,"w":0.9268115758895874},"size":1.7838536500930787,"orthographic":false}